Aseguradora,Plan,Continuidad,Edad_Min,Edad_Max,Asegurados_Min,Forma_Pago,Score_Rimac,Cliente_Rimac,Salud,Mes,Porcentaje_Descuento
La Positiva Seguros,Medisalud Lite,TODOS,TODOS,TODOS,1,Mensual,TODOS,TODOS,Sano,TODOS,4
La Positiva Seguros,Medisalud Lite,TODOS,TODOS,TODOS,1,Contado,TODOS,TODOS,Sano,TODOS,8
La Positiva Seguros,Medisalud Lite,TODOS,TODOS,TODOS,2,Mensual,TODOS,TODOS,Sano,TODOS,11
La Positiva Seguros,Medisalud Lite,TODOS,TODOS,TODOS,2,Contado,TODOS,TODOS,Sano,TODOS,16
La Positiva Seguros,Medisalud Lite,TODOS,TODOS,TODOS,1,Mensual,TODOS,TODOS,Crónico,TODOS,0
La Positiva Seguros,Medisalud Lite,TODOS,TODOS,TODOS,1,Contado,TODOS,TODOS,Crónico,TODOS,5
La Positiva Seguros,Medisalud Lite,TODOS,TODOS,TODOS,2,Mensual,TODOS,TODOS,Crónico,TODOS,8
La Positiva Seguros,Medisalud Lite,TODOS,TODOS,TODOS,2,Contado,TODOS,TODOS,Crónico,TODOS,12
La Positiva Seguros,Medisalud Base,TODOS,TODOS,TODOS,1,Mensual,TODOS,TODOS,Sano,TODOS,26
La Positiva Seguros,Medisalud Base,TODOS,TODOS,TODOS,1,Contado,TODOS,TODOS,Sano,TODOS,29
La Positiva Seguros,Medisalud Base,TODOS,TODOS,TODOS,2,Mensual,TODOS,TODOS,Sano,TODOS,31
La Positiva Seguros,Medisalud Base,TODOS,TODOS,TODOS,2,Contado,TODOS,TODOS,Sano,TODOS,35
La Positiva Seguros,Medisalud Base,TODOS,TODOS,TODOS,1,Mensual,TODOS,TODOS,Crónico,TODOS,0
La Positiva Seguros,Medisalud Base,TODOS,TODOS,TODOS,1,Contado,TODOS,TODOS,Crónico,TODOS,5
La Positiva Seguros,Medisalud Base,TODOS,TODOS,TODOS,2,Mensual,TODOS,TODOS,Crónico,TODOS,31
La Positiva Seguros,Medisalud Base,TODOS,TODOS,TODOS,2,Contado,TODOS,TODOS,Crónico,TODOS,35
La Positiva Seguros,Medisalud,TODOS,TODOS,TODOS,1,Mensual,TODOS,TODOS,Sano,TODOS,20
La Positiva Seguros,Medisalud,TODOS,TODOS,TODOS,1,Contado,TODOS,TODOS,Sano,TODOS,24
La Positiva Seguros,Medisalud,TODOS,TODOS,TODOS,2,Mensual,TODOS,TODOS,Sano,TODOS,26
La Positiva Seguros,Medisalud,TODOS,TODOS,TODOS,2,Contado,TODOS,TODOS,Sano,TODOS,30
La Positiva Seguros,Medisalud,TODOS,TODOS,TODOS,1,Mensual,TODOS,TODOS,Crónico,TODOS,0
La Positiva Seguros,Medisalud,TODOS,TODOS,TODOS,1,Contado,TODOS,TODOS,Crónico,TODOS,5
La Positiva Seguros,Medisalud,TODOS,TODOS,TODOS,2,Mensual,TODOS,TODOS,Crónico,TODOS,8
La Positiva Seguros,Medisalud,TODOS,TODOS,TODOS,2,Contado,TODOS,TODOS,Crónico,TODOS,12
La Positiva Seguros,Medisalud Plus,TODOS,TODOS,TODOS,1,Mensual,TODOS,TODOS,Sano,TODOS,26
La Positiva Seguros,Medisalud Plus,TODOS,TODOS,TODOS,1,Contado,TODOS,TODOS,Sano,TODOS,29
La Positiva Seguros,Medisalud Plus,TODOS,TODOS,TODOS,2,Mensual,TODOS,TODOS,Sano,TODOS,31
La Positiva Seguros,Medisalud Plus,TODOS,TODOS,TODOS,2,Contado,TODOS,TODOS,Sano,TODOS,35
La Positiva Seguros,Medisalud Plus,TODOS,TODOS,TODOS,1,Mensual,TODOS,TODOS,Crónico,TODOS,0
La Positiva Seguros,Medisalud Plus,TODOS,TODOS,TODOS,1,Contado,TODOS,TODOS,Crónico,TODOS,5
La Positiva Seguros,Medisalud Plus,TODOS,TODOS,TODOS,2,Mensual,TODOS,TODOS,Crónico,TODOS,8
La Positiva Seguros,Medisalud Plus,TODOS,TODOS,TODOS,2,Contado,TODOS,TODOS,Crónico,TODOS,12
La Positiva Seguros,Medisalud Premium,TODOS,TODOS,TODOS,1,Mensual,TODOS,TODOS,Sano,TODOS,15
La Positiva Seguros,Medisalud Premium,TODOS,TODOS,TODOS,1,Contado,TODOS,TODOS,Sano,TODOS,19
La Positiva Seguros,Medisalud Premium,TODOS,TODOS,TODOS,2,Mensual,TODOS,TODOS,Sano,TODOS,21
La Positiva Seguros,Medisalud Premium,TODOS,TODOS,TODOS,2,Contado,TODOS,TODOS,Sano,TODOS,25
La Positiva Seguros,Medisalud Premium,TODOS,TODOS,TODOS,1,Mensual,TODOS,TODOS,Crónico,TODOS,0
La Positiva Seguros,Medisalud Premium,TODOS,TODOS,TODOS,1,Contado,TODOS,TODOS,Crónico,TODOS,5
La Positiva Seguros,Medisalud Premium,TODOS,TODOS,TODOS,2,Mensual,TODOS,TODOS,Crónico,TODOS,8
La Positiva Seguros,Medisalud Premium,TODOS,TODOS,TODOS,2,Contado,TODOS,TODOS,Crónico,TODOS,12
La Positiva Seguros,Medisalud Senior +,TODOS,TODOS,TODOS,1,Mensual,TODOS,TODOS,Sano,TODOS,0
La Positiva Seguros,Medisalud Senior +,TODOS,TODOS,TODOS,1,Contado,TODOS,TODOS,Sano,TODOS,5
La Positiva Seguros,Medisalud Senior +,TODOS,TODOS,TODOS,2,Mensual,TODOS,TODOS,Sano,TODOS,8
La Positiva Seguros,Medisalud Senior +,TODOS,TODOS,TODOS,2,Contado,TODOS,TODOS,Sano,TODOS,12
La Positiva Seguros,Medisalud Senior +,TODOS,TODOS,TODOS,1,Mensual,TODOS,TODOS,Crónico,TODOS,0
La Positiva Seguros,Medisalud Senior +,TODOS,TODOS,TODOS,1,Contado,TODOS,TODOS,Crónico,TODOS,5
La Positiva Seguros,Medisalud Senior +,TODOS,TODOS,TODOS,2,Mensual,TODOS,TODOS,Crónico,TODOS,8
La Positiva Seguros,Medisalud Senior +,TODOS,TODOS,TODOS,2,Contado,TODOS,TODOS,Crónico,TODOS,12
Mapfre Seguros,Trébol Salud,Nuevo,1,40,1,TODOS,TODOS,TODOS,TODOS,septiembre,35
Mapfre Seguros,Trébol Salud,Nuevo,41,55,1,TODOS,TODOS,TODOS,TODOS,septiembre,30
Mapfre Seguros,Viva Salud,Nuevo,1,55,1,TODOS,TODOS,TODOS,TODOS,septiembre,30
Mapfre Seguros,Salud Total,Nuevo,0,55,1,TODOS,TODOS,TODOS,TODOS,septiembre,35
Mapfre Seguros,Salud Total,Nuevo,56,65,1,TODOS,TODOS,TODOS,TODOS,septiembre,25
Pacífico Seguros,Esencial,Nuevo,TODOS,TODOS,1,TODOS,TODOS,TODOS,TODOS,septiembre,25
Pacífico Seguros,Esencial,Continuidad,TODOS,TODOS,1,TODOS,TODOS,TODOS,TODOS,septiembre,15
Pacífico Seguros,Esencial Plus,Nuevo,TODOS,TODOS,1,TODOS,TODOS,TODOS,TODOS,septiembre,25
Pacífico Seguros,Esencial Plus,Continuidad,TODOS,TODOS,1,TODOS,TODOS,TODOS,TODOS,septiembre,15
Pacífico Seguros,Red Preferente,Nuevo,TODOS,TODOS,1,TODOS,TODOS,TODOS,TODOS,septiembre,25
Pacífico Seguros,Red Preferente,Continuidad,TODOS,TODOS,1,TODOS,TODOS,TODOS,TODOS,septiembre,15
Pacífico Seguros,Multisalud Base,Nuevo,TODOS,TODOS,1,TODOS,TODOS,TODOS,TODOS,septiembre,30
Pacífico Seguros,Multisalud Base,Continuidad,TODOS,TODOS,1,TODOS,TODOS,TODOS,TODOS,septiembre,15
Pacífico Seguros,Multisalud,Nuevo,0,19,1,TODOS,TODOS,TODOS,TODOS,septiembre,40
Pacífico Seguros,Multisalud,Nuevo,20,40,1,TODOS,TODOS,TODOS,TODOS,septiembre,43
Pacífico Seguros,Multisalud,Nuevo,41,65,1,TODOS,TODOS,TODOS,TODOS,septiembre,40
Pacífico Seguros,Multisalud,Continuidad,0,19,1,TODOS,TODOS,TODOS,TODOS,septiembre,15
Pacífico Seguros,Multisalud,Continuidad,20,40,1,TODOS,TODOS,TODOS,TODOS,septiembre,35
Pacífico Seguros,Multisalud,Continuidad,41,65,1,TODOS,TODOS,TODOS,TODOS,septiembre,15
Pacífico Seguros,Medicvida Nacional,Nuevo,0,19,1,TODOS,TODOS,TODOS,TODOS,septiembre,33
Pacífico Seguros,Medicvida Nacional,Nuevo,20,40,1,TODOS,TODOS,TODOS,TODOS,septiembre,40
Pacífico Seguros,Medicvida Nacional,Nuevo,41,65,1,TODOS,TODOS,TODOS,TODOS,septiembre,33
Pacífico Seguros,Medicvida Nacional,Continuidad,0,19,1,TODOS,TODOS,TODOS,TODOS,septiembre,15
Pacífico Seguros,Medicvida Nacional,Continuidad,20,40,1,TODOS,TODOS,TODOS,TODOS,septiembre,30
Pacífico Seguros,Medicvida Nacional,Continuidad,41,65,1,TODOS,TODOS,TODOS,TODOS,septiembre,15
Pacífico Seguros,Medicvida Internacional,Nuevo,0,19,1,TODOS,TODOS,TODOS,TODOS,septiembre,35
Pacífico Seguros,Medicvida Internacional,Nuevo,20,40,1,TODOS,TODOS,TODOS,TODOS,septiembre,38
Pacífico Seguros,Medicvida Internacional,Nuevo,41,65,1,TODOS,TODOS,TODOS,TODOS,septiembre,35
Pacífico Seguros,Medicvida Internacional,Continuidad,0,19,1,TODOS,TODOS,TODOS,TODOS,septiembre,15
Pacífico Seguros,Medicvida Internacional,Continuidad,20,40,1,TODOS,TODOS,TODOS,TODOS,septiembre,30
Pacífico Seguros,Medicvida Internacional,Continuidad,41,65,1,TODOS,TODOS,TODOS,TODOS,septiembre,15
Rímac Seguros,Red Preferente,Nuevo,0,65,1,Mensual,Bueno,No,TODOS,septiembre,26
Rímac Seguros,Red Preferente,Nuevo,0,65,2,Mensual,Bueno,No,TODOS,septiembre,27
Rímac Seguros,Red Preferente,Nuevo,0,65,1,Contado,Bueno,No,TODOS,septiembre,28
Rímac Seguros,Red Preferente,Nuevo,0,65,1,Mensual,Bueno,Si,TODOS,septiembre,28
Rímac Seguros,Red Preferente,Nuevo,0,65,2,Mensual,Bueno,Si,TODOS,septiembre,28
Rímac Seguros,Red Preferente,Nuevo,0,65,1,Contado,Bueno,Si,TODOS,septiembre,30
Rímac Seguros,Red Preferente,Continuidad,0,65,1,TODOS,Bueno,TODOS,TODOS,septiembre,10
Rímac Seguros,Red Preferente,Nuevo,0,65,1,Mensual,Ambar,No,TODOS,septiembre,23
Rímac Seguros,Red Preferente,Nuevo,0,65,2,Mensual,Ambar,No,TODOS,septiembre,24
Rímac Seguros,Red Preferente,Nuevo,0,65,1,Contado,Ambar,No,TODOS,septiembre,25
Rímac Seguros,Red Preferente,Nuevo,0,65,1,Mensual,Ambar,Si,TODOS,septiembre,25
Rímac Seguros,Red Preferente,Nuevo,0,65,2,Mensual,Ambar,Si,TODOS,septiembre,26
Rímac Seguros,Red Preferente,Nuevo,0,65,1,Contado,Ambar,Si,TODOS,septiembre,27
Rímac Seguros,Red Preferente,Continuidad,0,65,1,TODOS,Ambar,TODOS,TODOS,septiembre,5
Rímac Seguros,Red Preferente,Nuevo,0,65,1,Mensual,Rojo,No,TODOS,septiembre,0
Rímac Seguros,Red Preferente,Nuevo,0,65,2,Mensual,Rojo,No,TODOS,septiembre,0
Rímac Seguros,Red Preferente,Nuevo,0,65,1,Contado,Rojo,No,TODOS,septiembre,5
Rímac Seguros,Red Preferente,Nuevo,0,65,1,Mensual,Rojo,Si,TODOS,septiembre,0
Rímac Seguros,Red Preferente,Nuevo,0,65,2,Mensual,Rojo,Si,TODOS,septiembre,0
Rímac Seguros,Red Preferente,Nuevo,0,65,1,Contado,Rojo,Si,TODOS,septiembre,5
Rímac Seguros,Red Preferente,Continuidad,0,65,1,TODOS,Rojo,TODOS,TODOS,septiembre,0
Rímac Seguros,Red Preferente,Nuevo,0,65,1,Mensual,Gris,No,TODOS,septiembre,18
Rímac Seguros,Red Preferente,Nuevo,0,65,2,Mensual,Gris,No,TODOS,septiembre,20
Rímac Seguros,Red Preferente,Nuevo,0,65,1,Contado,Gris,No,TODOS,septiembre,21
Rímac Seguros,Red Preferente,Nuevo,0,65,1,Mensual,Gris,Si,TODOS,septiembre,20
Rímac Seguros,Red Preferente,Nuevo,0,65,2,Mensual,Gris,Si,TODOS,septiembre,21
Rímac Seguros,Red Preferente,Nuevo,0,65,1,Contado,Gris,Si,TODOS,septiembre,22
Rímac Seguros,Red Preferente,Continuidad,0,65,1,TODOS,Gris,TODOS,TODOS,septiembre,5
Rímac Seguros,Red Médica,Nuevo,0,65,1,Mensual,Bueno,No,TODOS,septiembre,26
Rímac Seguros,Red Médica,Nuevo,0,65,2,Mensual,Bueno,No,TODOS,septiembre,27
Rímac Seguros,Red Médica,Nuevo,0,65,1,Contado,Bueno,No,TODOS,septiembre,28
Rímac Seguros,Red Médica,Nuevo,0,65,1,Mensual,Bueno,Si,TODOS,septiembre,28
Rímac Seguros,Red Médica,Nuevo,0,65,2,Mensual,Bueno,Si,TODOS,septiembre,28
Rímac Seguros,Red Médica,Nuevo,0,65,1,Contado,Bueno,Si,TODOS,septiembre,30
Rímac Seguros,Red Médica,Continuidad,0,65,1,TODOS,Bueno,TODOS,TODOS,septiembre,10
Rímac Seguros,Red Médica,Nuevo,0,65,1,Mensual,Ambar,No,TODOS,septiembre,23
Rímac Seguros,Red Médica,Nuevo,0,65,2,Mensual,Ambar,No,TODOS,septiembre,24
Rímac Seguros,Red Médica,Nuevo,0,65,1,Contado,Ambar,No,TODOS,septiembre,25
Rímac Seguros,Red Médica,Nuevo,0,65,1,Mensual,Ambar,Si,TODOS,septiembre,25
Rímac Seguros,Red Médica,Nuevo,0,65,2,Mensual,Ambar,Si,TODOS,septiembre,26
Rímac Seguros,Red Médica,Nuevo,0,65,1,Contado,Ambar,Si,TODOS,septiembre,27
Rímac Seguros,Red Médica,Continuidad,0,65,1,TODOS,Ambar,TODOS,TODOS,septiembre,5
Rímac Seguros,Red Médica,Nuevo,0,65,1,Mensual,Rojo,No,TODOS,septiembre,0
Rímac Seguros,Red Médica,Nuevo,0,65,2,Mensual,Rojo,No,TODOS,septiembre,0
Rímac Seguros,Red Médica,Nuevo,0,65,1,Contado,Rojo,No,TODOS,septiembre,5
Rímac Seguros,Red Médica,Nuevo,0,65,1,Mensual,Rojo,Si,TODOS,septiembre,0
Rímac Seguros,Red Médica,Nuevo,0,65,2,Mensual,Rojo,Si,TODOS,septiembre,0
Rímac Seguros,Red Médica,Nuevo,0,65,1,Contado,Rojo,Si,TODOS,septiembre,5
Rímac Seguros,Red Médica,Continuidad,0,65,1,TODOS,Rojo,TODOS,TODOS,septiembre,0
Rímac Seguros,Red Médica,Nuevo,0,65,1,Mensual,Gris,No,TODOS,septiembre,18
Rímac Seguros,Red Médica,Nuevo,0,65,2,Mensual,Gris,No,TODOS,septiembre,20
Rímac Seguros,Red Médica,Nuevo,0,65,1,Contado,Gris,No,TODOS,septiembre,21
Rímac Seguros,Red Médica,Nuevo,0,65,1,Mensual,Gris,Si,TODOS,septiembre,20
Rímac Seguros,Red Médica,Nuevo,0,65,2,Mensual,Gris,Si,TODOS,septiembre,21
Rímac Seguros,Red Médica,Nuevo,0,65,1,Contado,Gris,Si,TODOS,septiembre,22
Rímac Seguros,Red Médica,Continuidad,0,65,1,TODOS,Gris,TODOS,TODOS,septiembre,5
Rímac Seguros,Full Salud,Nuevo,0,65,1,Mensual,Bueno,No,TODOS,septiembre,26
Rímac Seguros,Full Salud,Nuevo,0,65,2,Mensual,Bueno,No,TODOS,septiembre,28
Rímac Seguros,Full Salud,Nuevo,0,65,1,Contado,Bueno,No,TODOS,septiembre,30
Rímac Seguros,Full Salud,Nuevo,0,65,1,Mensual,Bueno,Si,TODOS,septiembre,28
Rímac Seguros,Full Salud,Nuevo,0,65,2,Mensual,Bueno,Si,TODOS,septiembre,30
Rímac Seguros,Full Salud,Nuevo,0,65,1,Contado,Bueno,Si,TODOS,septiembre,33
Rímac Seguros,Full Salud,Continuidad,0,65,1,TODOS,Bueno,TODOS,TODOS,septiembre,10
Rímac Seguros,Full Salud,Nuevo,0,65,1,Mensual,Ambar,No,TODOS,septiembre,24
Rímac Seguros,Full Salud,Nuevo,0,65,2,Mensual,Ambar,No,TODOS,septiembre,26
Rímac Seguros,Full Salud,Nuevo,0,65,1,Contado,Ambar,No,TODOS,septiembre,28
Rímac Seguros,Full Salud,Nuevo,0,65,1,Mensual,Ambar,Si,TODOS,septiembre,27
Rímac Seguros,Full Salud,Nuevo,0,65,2,Mensual,Ambar,Si,TODOS,septiembre,29
Rímac Seguros,Full Salud,Nuevo,0,65,1,Contado,Ambar,Si,TODOS,septiembre,30
Rímac Seguros,Full Salud,Continuidad,0,65,1,TODOS,Ambar,TODOS,TODOS,septiembre,5
Rímac Seguros,Full Salud,Nuevo,0,65,1,Mensual,Rojo,No,TODOS,septiembre,0
Rímac Seguros,Full Salud,Nuevo,0,65,2,Mensual,Rojo,No,TODOS,septiembre,0
Rímac Seguros,Full Salud,Nuevo,0,65,1,Contado,Rojo,No,TODOS,septiembre,5
Rímac Seguros,Full Salud,Nuevo,0,65,1,Mensual,Rojo,Si,TODOS,septiembre,0
Rímac Seguros,Full Salud,Nuevo,0,65,2,Mensual,Rojo,Si,TODOS,septiembre,0
Rímac Seguros,Full Salud,Nuevo,0,65,1,Contado,Rojo,Si,TODOS,septiembre,5
Rímac Seguros,Full Salud,Continuidad,0,65,1,TODOS,Rojo,TODOS,TODOS,septiembre,0
Rímac Seguros,Full Salud,Nuevo,0,65,1,Mensual,Gris,No,TODOS,septiembre,22
Rímac Seguros,Full Salud,Nuevo,0,65,2,Mensual,Gris,No,TODOS,septiembre,24
Rímac Seguros,Full Salud,Nuevo,0,65,1,Contado,Gris,No,TODOS,septiembre,26
Rímac Seguros,Full Salud,Nuevo,0,65,1,Mensual,Gris,Si,TODOS,septiembre,24
Rímac Seguros,Full Salud,Nuevo,0,65,2,Mensual,Gris,Si,TODOS,septiembre,26
Rímac Seguros,Full Salud,Nuevo,0,65,1,Contado,Gris,Si,TODOS,septiembre,28
Rímac Seguros,Full Salud,Continuidad,0,65,1,TODOS,Gris,TODOS,TODOS,septiembre,5
Rímac Seguros,Salud Preferencial,Nuevo,0,65,1,Mensual,Bueno,No,TODOS,septiembre,24
Rímac Seguros,Salud Preferencial,Nuevo,0,65,2,Mensual,Bueno,No,TODOS,septiembre,26
Rímac Seguros,Salud Preferencial,Nuevo,0,65,1,Contado,Bueno,No,TODOS,septiembre,28
Rímac Seguros,Salud Preferencial,Nuevo,0,65,1,Mensual,Bueno,Si,TODOS,septiembre,26
Rímac Seguros,Salud Preferencial,Nuevo,0,65,2,Mensual,Bueno,Si,TODOS,septiembre,28
Rímac Seguros,Salud Preferencial,Nuevo,0,65,1,Contado,Bueno,Si,TODOS,septiembre,31
Rímac Seguros,Salud Preferencial,Continuidad,0,65,1,TODOS,Bueno,TODOS,TODOS,septiembre,10
Rímac Seguros,Salud Preferencial,Nuevo,0,65,1,Mensual,Ambar,No,TODOS,septiembre,21
Rímac Seguros,Salud Preferencial,Nuevo,0,65,2,Mensual,Ambar,No,TODOS,septiembre,23
Rímac Seguros,Salud Preferencial,Nuevo,0,65,1,Contado,Ambar,No,TODOS,septiembre,25
Rímac Seguros,Salud Preferencial,Nuevo,0,65,1,Mensual,Ambar,Si,TODOS,septiembre,23
Rímac Seguros,Salud Preferencial,Nuevo,0,65,2,Mensual,Ambar,Si,TODOS,septiembre,25
Rímac Seguros,Salud Preferencial,Nuevo,0,65,1,Contado,Ambar,Si,TODOS,septiembre,28
Rímac Seguros,Salud Preferencial,Continuidad,0,65,1,TODOS,Ambar,TODOS,TODOS,septiembre,5
Rímac Seguros,Salud Preferencial,Nuevo,0,65,1,Mensual,Rojo,No,TODOS,septiembre,0
Rímac Seguros,Salud Preferencial,Nuevo,0,65,2,Mensual,Rojo,No,TODOS,septiembre,0
Rímac Seguros,Salud Preferencial,Nuevo,0,65,1,Contado,Rojo,No,TODOS,septiembre,5
Rímac Seguros,Salud Preferencial,Nuevo,0,65,1,Mensual,Rojo,Si,TODOS,septiembre,0
Rímac Seguros,Salud Preferencial,Nuevo,0,65,2,Mensual,Rojo,Si,TODOS,septiembre,0
Rímac Seguros,Salud Preferencial,Nuevo,0,65,1,Contado,Rojo,Si,TODOS,septiembre,5
Rímac Seguros,Salud Preferencial,Continuidad,0,65,1,TODOS,Rojo,TODOS,TODOS,septiembre,0
Rímac Seguros,Salud Preferencial,Nuevo,0,65,1,Mensual,Gris,No,TODOS,septiembre,19
Rímac Seguros,Salud Preferencial,Nuevo,0,65,2,Mensual,Gris,No,TODOS,septiembre,21
Rímac Seguros,Salud Preferencial,Nuevo,0,65,1,Contado,Gris,No,TODOS,septiembre,22
Rímac Seguros,Salud Preferencial,Nuevo,0,65,1,Mensual,Gris,Si,TODOS,septiembre,21
Rímac Seguros,Salud Preferencial,Nuevo,0,65,2,Mensual,Gris,Si,TODOS,septiembre,23
Rímac Seguros,Salud Preferencial,Nuevo,0,65,1,Contado,Gris,Si,TODOS,septiembre,25
Rímac Seguros,Salud Preferencial,Continuidad,0,65,1,TODOS,Gris,TODOS,TODOS,septiembre,5
Rímac Seguros,Oro - Plan preferente,Nuevo,60,90,1,Mensual,Bueno,No,TODOS,septiembre,19
Rímac Seguros,Oro - Plan preferente,Nuevo,60,90,2,Mensual,Bueno,No,TODOS,septiembre,21
Rímac Seguros,Oro - Plan preferente,Nuevo,60,90,1,Contado,Bueno,No,TODOS,septiembre,21
Rímac Seguros,Oro - Plan preferente,Nuevo,60,90,1,Mensual,Bueno,Si,TODOS,septiembre,19
Rímac Seguros,Oro - Plan preferente,Nuevo,60,90,2,Mensual,Bueno,Si,TODOS,septiembre,21
Rímac Seguros,Oro - Plan preferente,Nuevo,60,90,1,Contado,Bueno,Si,TODOS,septiembre,21
Rímac Seguros,Oro - Plan preferente,Continuidad,60,90,1,TODOS,Bueno,TODOS,TODOS,septiembre,10
Rímac Seguros,Oro - Plan preferente,Nuevo,60,90,1,Mensual,Ambar,No,TODOS,septiembre,18
Rímac Seguros,Oro - Plan preferente,Nuevo,60,90,2,Mensual,Ambar,No,TODOS,septiembre,20
Rímac Seguros,Oro - Plan preferente,Nuevo,60,90,1,Contado,Ambar,No,TODOS,septiembre,21
Rímac Seguros,Oro - Plan preferente,Nuevo,60,90,1,Mensual,Ambar,Si,TODOS,septiembre,18
Rímac Seguros,Oro - Plan preferente,Nuevo,60,90,2,Mensual,Ambar,Si,TODOS,septiembre,20
Rímac Seguros,Oro - Plan preferente,Nuevo,60,90,1,Contado,Ambar,Si,TODOS,septiembre,21
Rímac Seguros,Oro - Plan preferente,Continuidad,60,90,1,TODOS,Ambar,TODOS,TODOS,septiembre,5
Rímac Seguros,Oro - Plan preferente,Nuevo,60,90,1,Mensual,Rojo,No,TODOS,septiembre,0
Rímac Seguros,Oro - Plan preferente,Nuevo,60,90,2,Mensual,Rojo,No,TODOS,septiembre,0
Rímac Seguros,Oro - Plan preferente,Nuevo,60,90,1,Contado,Rojo,No,TODOS,septiembre,0
Rímac Seguros,Oro - Plan preferente,Nuevo,60,90,1,Mensual,Rojo,Si,TODOS,septiembre,0
Rímac Seguros,Oro - Plan preferente,Nuevo,60,90,2,Mensual,Rojo,Si,TODOS,septiembre,0
Rímac Seguros,Oro - Plan preferente,Nuevo,60,90,1,Contado,Rojo,Si,TODOS,septiembre,0
Rímac Seguros,Oro - Plan preferente,Continuidad,60,90,1,TODOS,Rojo,TODOS,TODOS,septiembre,0
Rímac Seguros,Oro - Plan preferente,Nuevo,60,90,1,Mensual,Gris,No,TODOS,septiembre,16
Rímac Seguros,Oro - Plan preferente,Nuevo,60,90,2,Mensual,Gris,No,TODOS,septiembre,17
Rímac Seguros,Oro - Plan preferente,Nuevo,60,90,1,Contado,Gris,No,TODOS,septiembre,18
Rímac Seguros,Oro - Plan preferente,Nuevo,60,90,1,Mensual,Gris,Si,TODOS,septiembre,16
Rímac Seguros,Oro - Plan preferente,Nuevo,60,90,2,Mensual,Gris,Si,TODOS,septiembre,17
Rímac Seguros,Oro - Plan preferente,Nuevo,60,90,1,Contado,Gris,Si,TODOS,septiembre,18
Rímac Seguros,Oro - Plan preferente,Continuidad,60,90,1,TODOS,Gris,TODOS,TODOS,septiembre,5
Rímac Seguros,Oro - Plan Red,Nuevo,60,90,1,Mensual,Bueno,No,TODOS,septiembre,19
Rímac Seguros,Oro - Plan Red,Nuevo,60,90,2,Mensual,Bueno,No,TODOS,septiembre,21
Rímac Seguros,Oro - Plan Red,Nuevo,60,90,1,Contado,Bueno,No,TODOS,septiembre,21
Rímac Seguros,Oro - Plan Red,Nuevo,60,90,1,Mensual,Bueno,Si,TODOS,septiembre,19
Rímac Seguros,Oro - Plan Red,Nuevo,60,90,2,Mensual,Bueno,Si,TODOS,septiembre,21
Rímac Seguros,Oro - Plan Red,Nuevo,60,90,1,Contado,Bueno,Si,TODOS,septiembre,21
Rímac Seguros,Oro - Plan Red,Continuidad,60,90,1,TODOS,Bueno,TODOS,TODOS,septiembre,10
Rímac Seguros,Oro - Plan Red,Nuevo,60,90,1,Mensual,Ambar,No,TODOS,septiembre,18
Rímac Seguros,Oro - Plan Red,Nuevo,60,90,2,Mensual,Ambar,No,TODOS,septiembre,20
Rímac Seguros,Oro - Plan Red,Nuevo,60,90,1,Contado,Ambar,No,TODOS,septiembre,21
Rímac Seguros,Oro - Plan Red,Nuevo,60,90,1,Mensual,Ambar,Si,TODOS,septiembre,18
Rímac Seguros,Oro - Plan Red,Nuevo,60,90,2,Mensual,Ambar,Si,TODOS,septiembre,20
Rímac Seguros,Oro - Plan Red,Nuevo,60,90,1,Contado,Ambar,Si,TODOS,septiembre,21
Rímac Seguros,Oro - Plan Red,Continuidad,60,90,1,TODOS,Ambar,TODOS,TODOS,septiembre,5
Rímac Seguros,Oro - Plan Red,Nuevo,60,90,1,Mensual,Rojo,No,TODOS,septiembre,0
Rímac Seguros,Oro - Plan Red,Nuevo,60,90,2,Mensual,Rojo,No,TODOS,septiembre,0
Rímac Seguros,Oro - Plan Red,Nuevo,60,90,1,Contado,Rojo,No,TODOS,septiembre,0
Rímac Seguros,Oro - Plan Red,Nuevo,60,90,1,Mensual,Rojo,Si,TODOS,septiembre,0
Rímac Seguros,Oro - Plan Red,Nuevo,60,90,2,Mensual,Rojo,Si,TODOS,septiembre,0
Rímac Seguros,Oro - Plan Red,Nuevo,60,90,1,Contado,Rojo,Si,TODOS,septiembre,0
Rímac Seguros,Oro - Plan Red,Continuidad,60,90,1,TODOS,Rojo,TODOS,TODOS,septiembre,0
Rímac Seguros,Oro - Plan Red,Nuevo,60,90,1,Mensual,Gris,No,TODOS,septiembre,16
Rímac Seguros,Oro - Plan Red,Nuevo,60,90,2,Mensual,Gris,No,TODOS,septiembre,17
Rímac Seguros,Oro - Plan Red,Nuevo,60,90,1,Contado,Gris,No,TODOS,septiembre,18
Rímac Seguros,Oro - Plan Red,Nuevo,60,90,1,Mensual,Gris,Si,TODOS,septiembre,16
Rímac Seguros,Oro - Plan Red,Nuevo,60,90,2,Mensual,Gris,Si,TODOS,septiembre,17
Rímac Seguros,Oro - Plan Red,Nuevo,60,90,1,Contado,Gris,Si,TODOS,septiembre,18
Rímac Seguros,Oro - Plan Red,Continuidad,60,90,1,TODOS,Gris,TODOS,TODOS,septiembre,5
Rímac Seguros,Oro - Plan Completo,Nuevo,60,90,1,Mensual,Bueno,No,TODOS,septiembre,19
Rímac Seguros,Oro - Plan Completo,Nuevo,60,90,2,Mensual,Bueno,No,TODOS,septiembre,21
Rímac Seguros,Oro - Plan Completo,Nuevo,60,90,1,Contado,Bueno,No,TODOS,septiembre,21
Rímac Seguros,Oro - Plan Completo,Nuevo,60,90,1,Mensual,Bueno,Si,TODOS,septiembre,19
Rímac Seguros,Oro - Plan Completo,Nuevo,60,90,2,Mensual,Bueno,Si,TODOS,septiembre,21
Rímac Seguros,Oro - Plan Completo,Nuevo,60,90,1,Contado,Bueno,Si,TODOS,septiembre,21
Rímac Seguros,Oro - Plan Completo,Continuidad,60,90,1,TODOS,Bueno,TODOS,TODOS,septiembre,10
Rímac Seguros,Oro - Plan Completo,Nuevo,60,90,1,Mensual,Ambar,No,TODOS,septiembre,18
Rímac Seguros,Oro - Plan Completo,Nuevo,60,90,2,Mensual,Ambar,No,TODOS,septiembre,20
Rímac Seguros,Oro - Plan Completo,Nuevo,60,90,1,Contado,Ambar,No,TODOS,septiembre,21
Rímac Seguros,Oro - Plan Completo,Nuevo,60,90,1,Mensual,Ambar,Si,TODOS,septiembre,18
Rímac Seguros,Oro - Plan Completo,Nuevo,60,90,2,Mensual,Ambar,Si,TODOS,septiembre,20
Rímac Seguros,Oro - Plan Completo,Nuevo,60,90,1,Contado,Ambar,Si,TODOS,septiembre,21
Rímac Seguros,Oro - Plan Completo,Continuidad,60,90,1,TODOS,Ambar,TODOS,TODOS,septiembre,5
Rímac Seguros,Oro - Plan Completo,Nuevo,60,90,1,Mensual,Rojo,No,TODOS,septiembre,0
Rímac Seguros,Oro - Plan Completo,Nuevo,60,90,2,Mensual,Rojo,No,TODOS,septiembre,0
Rímac Seguros,Oro - Plan Completo,Nuevo,60,90,1,Contado,Rojo,No,TODOS,septiembre,0
Rímac Seguros,Oro - Plan Completo,Nuevo,60,90,1,Mensual,Rojo,Si,TODOS,septiembre,0
Rímac Seguros,Oro - Plan Completo,Nuevo,60,90,2,Mensual,Rojo,Si,TODOS,septiembre,0
Rímac Seguros,Oro - Plan Completo,Nuevo,60,90,1,Contado,Rojo,Si,TODOS,septiembre,0
Rímac Seguros,Oro - Plan Completo,Continuidad,60,90,1,TODOS,Rojo,TODOS,TODOS,septiembre,0
Rímac Seguros,Oro - Plan Completo,Nuevo,60,90,1,Mensual,Gris,No,TODOS,septiembre,16
Rímac Seguros,Oro - Plan Completo,Nuevo,60,90,2,Mensual,Gris,No,TODOS,septiembre,17
Rímac Seguros,Oro - Plan Completo,Nuevo,60,90,1,Contado,Gris,No,TODOS,septiembre,18
Rímac Seguros,Oro - Plan Completo,Nuevo,60,90,1,Mensual,Gris,Si,TODOS,septiembre,16
Rímac Seguros,Oro - Plan Completo,Nuevo,60,90,2,Mensual,Gris,Si,TODOS,septiembre,17
Rímac Seguros,Oro - Plan Completo,Nuevo,60,90,1,Contado,Gris,Si,TODOS,septiembre,18
Rímac Seguros,Oro - Plan Completo,Continuidad,60,90,1,TODOS,Gris,TODOS,TODOS,septiembre,5
